first_name,last_name,department,salary,employee_id
Olivier,Caldwell,Finance,88562.8,1
Augustin,Cholmondeley,Operations,32702.03,2
Adolphe,Hiscoe,Marketing,51209.14,3
Louise,Bellham,HR,34115.51,4
Hilario,Boshell,HR,70539.22,5
Constance,Byfford,Finance,51635.52,6
Shawn,Mitskevich,IT,36088.31,7
Lou,Attewill,Operations,41592.01,8
Lacee,Sichardt,Marketing,48541.9,9
Friedrick,Penticoot,Marketing,96450.7,10
Beniamino,Struss,Marketing,55073.41,11
Minerva,Connichie,Operations,84825.93,12
Riccardo,Newby,Marketing,80038.49,13
Carolus,Santer,Marketing,71947.74,14
Tore,Swatten,HR,41904.27,15
Kristofor,Beumant,IT,42682.04,16
Roseline,Siggs,Operations,52799.22,17
Maureene,Corkhill,IT,99808.28,18
Lionello,Minchin,IT,51933.96,19
Irwinn,Stockbridge,Marketing,66118.55,20
Allan,Chaffyn,IT,51708.02,21
Sal,Eastmead,Finance,77260.19,22
Matilde,Hartnell,HR,88313.6,23
Berti,Louisot,Finance,31830.94,24
Adam,Mecchi,Finance,32479.4,25
Carmelina,Chivers,IT,41715.28,26
Cymbre,Beevis,Operations,63346.7,27
Davide,Moxsom,IT,46826.33,28
Tabina,Ausiello,HR,44328.12,29
Mendy,Olenichev,IT,38916.93,30
Alfonso,Decaze,Finance,90632.46,31
Elianora,Nelligan,Marketing,43638.95,32
Sander,Dewdeny,Operations,69537.94,33
Em,Upfold,Operations,48995.29,34
Brien,McCahill,HR,48482.43,35
Leland,Meaney,Marketing,90842.69,36
Brietta,Creyke,Operations,58335.95,37
Danielle,Skull,Marketing,35851.39,38
Tiffy,Brecknock,IT,71838.99,39
Rosco,McCarry,Finance,48308.72,40
Kerk,Geekie,Marketing,83277.73,41
Georg,Kaubisch,HR,98837.7,42
Koo,Whiskerd,HR,71403.41,43
Trace,Jurkowski,HR,65607.65,44
Ulick,Brandenberg,Finance,66976.22,45
Tiffany,Beckwith,IT,63729.54,46
Wainwright,Dowsett,Finance,76346.69,47
Averell,Elvidge,IT,31393.27,48
Johan,Blenkensop,HR,96607.61,49
Magda,Rudkin,HR,53122.56,50
Lolly,Maiklem,Operations,36655.42,51
Lavinie,Lyffe,HR,31091.54,52
Obed,Tincey,Operations,39706.49,53
Hurley,Blaise,HR,49335.59,54
Jorrie,Minchin,HR,93634.08,55
Corry,Hocking,Operations,84574.48,56
Ophelie,Shellibeer,Marketing,36763.69,57
Nil,Geistmann,Finance,57625.24,58
Harlin,Phippin,IT,97325.22,59
Zedekiah,Ostrich,Finance,33691.7,60
Michelina,Perillo,Finance,90488.02,61
Saunder,Drinnan,Marketing,63906.41,62
Nyssa,Milberry,HR,85265.44,63
Kissee,Hails,Operations,51894.66,64
Elyn,Oldman,Finance,36421.56,65
Stefan,Boule,Marketing,48597.75,66
Katharina,Zavattari,HR,40528.88,67
Dore,Lyal,IT,82467.2,68
Noella,Tyzack,Marketing,72089.51,69
Michele,Levitt,Finance,90642.48,70
Aron,Aspland,Marketing,50415.26,71
Liuka,Viles,Marketing,37985.63,72
Moreen,Bourton,Finance,84195.53,73
Lissa,Geraudy,Finance,80427.97,74
Jewell,Camp,Marketing,74184.7,75
Ken,Haresign,Operations,96470.35,76
Wiatt,Davisson,Finance,94742.67,77
Giffie,Petroselli,Finance,44458.12,78
Clarita,Massenhove,Finance,86292.24,79
Sashenka,Jendrach,IT,93290.19,80
Aigneis,Gyngyll,Finance,78176.73,81
Mychal,Burcombe,Marketing,93375.27,82
Wash,McCuthais,Finance,31769.82,83
Ramona,Lowrey,Operations,71773.27,84
Willy,Dove,HR,55973.05,85
Vincenz,Scottini,Operations,83632.76,86
Rodi,O'Mullaney,Marketing,92614.4,87
Burt,Shegog,Operations,55827.14,88
Borg,Birkwood,IT,87186.83,89
Farleigh,Bulle,IT,53832.35,90
Lancelot,Bridel,Operations,33915.92,91
Cher,Reynault,HR,92795.5,92
Brent,Turone,IT,91260.81,93
Jillian,Mardee,IT,61571.98,94
Cary,Matresse,HR,46976.56,95
Murdock,Cottle,IT,89422.86,96
Orazio,Abbots,Operations,59597.56,97
Sophi,Middiff,Marketing,33842.18,98
Tatiania,Crossgrove,Finance,79142.73,99
Seka,Bluck,Marketing,73554.54,100
Buddie,Jupe,Marketing,32057.74,101
Mela,McBeith,Marketing,75980.88,102
Prent,De Normanville,Marketing,61569.93,103
Frederica,Darington,Operations,92830.27,104
Saleem,Ech,Marketing,99297.45,105
Nicola,Cockitt,Operations,54742.04,106
Cinda,Browell,Marketing,79637.39,107
Carly,Brendeke,Marketing,58723.51,108
Corty,Lobe,HR,98619.77,109
Zilvia,Scyner,Marketing,39602.26,110
Rorke,Bristo,IT,81028.81,111
Brodie,Longlands,HR,33943.11,112
Natal,Jemmett,HR,51907.03,113
Waldo,Buggy,Marketing,71714.96,114
Niles,McKissack,Marketing,91450.93,115
Matthiew,Styles,HR,35267.38,116
Revkah,Witchell,HR,47695.83,117
Hally,Braim,IT,32806.03,118
Sofie,Sysland,Finance,38249.11,119
Shaun,Fargie,Operations,43312.61,120
Whitman,Shambrooke,HR,57913.82,121
Orella,Guidone,IT,65597.01,122
Hana,Arnaudon,Marketing,74571.24,123
Marybeth,Camilleri,Marketing,41646.83,124
Dulciana,Steet,Finance,67796.49,125
Frants,Peile,Operations,36053.01,126
Carla,Kopke,HR,88000.82,127
Nicolais,Allberry,Marketing,99532.92,128
Arluene,Taile,Marketing,50513.09,129
Odille,Selwyn,IT,82561.22,130
Coraline,Fawthrop,Finance,56048.94,131
Zebadiah,Gershom,HR,36327.37,132
Candis,Chalcraft,HR,56945.91,133
Vicky,Pearde,Operations,93092.41,134
Charmain,Sagg,Finance,95322.96,135
Lorianne,Bediss,Finance,54222.57,136
Farley,Vicioso,Marketing,43022.57,137
Bibby,Forton,Operations,56389.56,138
Georgi,Menlove,IT,49199.59,139
Willetta,Morrieson,HR,75328.08,140
Edsel,Farnell,IT,96343.0,141
Terri-jo,Boswell,Finance,81476.13,142
Woodrow,Whitta,Marketing,99948.8,143
Xenos,Briamo,Operations,79151.35,144
Cindy,Sinson,Marketing,30699.09,145
Ronna,Hercules,Finance,52706.16,146
Inglebert,Liddicoat,HR,56126.67,147
Lawton,Orneblow,HR,34862.53,148
Archibald,Hammer,HR,92566.61,149
Sandra,Dennison,Finance,52381.09,150
Brig,Jorat,Finance,48334.45,151
Myranda,Colaco,Marketing,77861.13,152
Karina,Fitzackerley,Finance,36466.82,153
Shurwood,Simpson,Operations,51624.88,154
Monica,Ezzle,Marketing,49165.67,155
Mal,Harner,HR,42725.32,156
Kristina,Hemphrey,Marketing,53441.62,157
Charity,Roast,Marketing,78369.49,158
Kerri,Swinfon,Marketing,39635.02,159
Mavis,Dami,Operations,60414.45,160
Hurleigh,Pippin,Operations,51119.53,161
Ursulina,Gurney,HR,88706.8,162
Anthony,Mingey,Finance,89595.3,163
Bernete,Baylis,Marketing,36775.08,164
Caritta,Conlaund,Operations,80818.25,165
Kippie,Dundridge,IT,81727.47,166
Marylinda,MacKerley,Finance,87317.66,167
Nickolas,Killiner,Marketing,43163.32,168
Birdie,Ionnisian,Operations,64376.33,169
Myrle,Thomesson,Finance,38824.45,170
Zorine,Winterbotham,Marketing,32329.01,171
Hillery,Buntin,IT,99593.01,172
Loretta,Pleass,Marketing,99984.45,173
Ema,Flockhart,Operations,56286.02,174
Cosimo,Mealand,IT,94774.74,175
Emili,Mussared,Operations,78909.43,176
Averill,Sellwood,Marketing,94578.29,177
Shalna,Moxted,Operations,31124.59,178
Luce,Paulson,HR,73734.33,179
Berky,Posnett,Operations,93524.67,180
Sam,Keyden,Marketing,79634.43,181
Kerri,Raggles,HR,68686.92,182
Dniren,Krabbe,Finance,94982.41,183
Chery,Ferriman,HR,91331.19,184
Marylou,Ferrone,IT,97338.8,185
Anson,Leyban,Operations,77577.43,186
Donielle,Westover,Finance,71507.95,187
Shayna,Dow,HR,44817.3,188
Alejandrina,De Caville,IT,71200.97,189
Arlie,Erricker,HR,38429.06,190
Catherin,Laughrey,HR,77829.62,191
Katrina,Sickert,Operations,66383.46,192
Ewart,Lowthian,Operations,67983.9,193
Matilde,Darbishire,Operations,79578.41,194
Elisha,Dyshart,HR,45202.65,195
Berrie,Canepe,Marketing,53469.51,196
Elisabeth,Bateup,HR,89951.47,197
Evin,Pinsent,HR,43291.38,198
Ardyth,Oylett,HR,41409.08,199
Brandie,Algy,Finance,85089.29,200
Kendal,Cogswell,IT,65894.94,201
Karlotta,Laister,Marketing,46564.84,202
Garik,Cosford,IT,75427.73,203
Cobby,O'Towey,Operations,81899.09,204
Tiphany,Naismith,IT,95835.2,205
Tally,Purvess,Marketing,50270.16,206
Alexandr,Janes,Finance,36202.43,207
Damiano,Betton,Finance,31755.07,208
Georgeanne,Harnetty,Finance,59391.88,209
Caldwell,Widdison,IT,87470.12,210
Ashien,Rouge,IT,94806.53,211
Annnora,Upex,Operations,63164.17,212
Nance,Barrow,Operations,73697.86,213
Cinda,Valentinetti,Operations,45262.54,214
Carol,Alyukin,HR,43164.53,215
Charleen,Sparrowe,Operations,32595.0,216
Jocelin,Barden,Operations,65797.15,217
Nil,Sute,Operations,42605.19,218
Wandie,Twinning,Finance,42289.31,219
Isabeau,Orcas,Marketing,74124.57,220
Collete,Guerri,IT,54595.04,221
Wayland,Trafford,Marketing,85603.61,222
Gianna,Lerego,Finance,73298.67,223
Leone,Vossgen,HR,85400.92,224
Claudia,Leggin,HR,85892.02,225
Lenee,Golborne,Finance,82423.6,226
Berkeley,Moorfield,IT,65989.93,227
Celeste,Millins,Operations,58447.86,228
Legra,Cove,IT,76122.61,229
Gardy,Lidster,Operations,82694.82,230
Selie,Tourry,IT,89379.43,231
Cirstoforo,Miere,IT,88221.49,232
Sayre,Trevascus,Operations,73164.29,233
Vikky,Sahlstrom,IT,82320.45,234
Nance,Leeburne,Finance,95398.93,235
Edith,Lambden,HR,61036.77,236
Tiertza,MacAughtrie,Finance,75097.84,237
Montague,Greenman,Operations,78446.03,238
Hendrik,Paddock,Marketing,48097.17,239
Fransisco,Schimaschke,Finance,30518.69,240
Langsdon,Atcock,IT,48260.27,241
Jarrid,Woodman,HR,66950.9,242
Gaylene,Armal,Marketing,30970.3,243
Hannis,Goodlet,IT,69849.36,244
Pierce,Mandal,Operations,68786.82,245
Angelo,Cromblehome,IT,61310.27,246
Reginald,Tadman,IT,34373.65,247
Frants,Hendriksen,Finance,80232.16,248
Falito,Serjent,Marketing,67950.16,249
Michale,Ricardou,Operations,99567.33,250
Meghan,Rauprich,IT,58732.51,251
Dodie,Coburn,HR,91670.29,252
Christiano,Prott,Operations,72086.11,253
Bendite,Extil,IT,50678.83,254
Jeremias,Rapier,IT,78572.13,255
Arman,Eixenberger,IT,43261.4,256
Lorry,Rablin,Operations,79457.86,257
Marcelo,Coppen,HR,30910.92,258
Natal,Nudds,Marketing,67364.52,259
Lorne,Glassborow,HR,63362.85,260
Kalila,Chapier,HR,93189.86,261
Oralle,Kingsbury,IT,60141.03,262
Wilton,Cambling,Operations,33749.57,263
Trudie,Fallon,Marketing,65417.56,264
Emalia,Sidwell,Marketing,68987.16,265
Trish,Lindborg,Finance,78310.49,266
Shela,Sowerby,IT,76044.61,267
Randie,Grimestone,IT,92987.99,268
Orelle,Kubes,Finance,39431.68,269
Arnold,Wychard,Marketing,50253.75,270
Nalani,Joannidi,Operations,83711.33,271
Estrella,Le Fevre,Marketing,88517.38,272
Olivia,Vinick,IT,36869.83,273
Thorndike,Rosetti,HR,88578.4,274
Shari,Weedon,Marketing,38392.39,275
Orazio,Gracey,Marketing,39235.58,276
Evie,Kilmartin,Finance,63348.38,277
Larina,Shalcros,Operations,63887.51,278
Blaine,Rowley,Finance,92872.95,279
Berte,Seakes,Marketing,76694.16,280
Sherman,Fury,Finance,38502.77,281
Adriano,Manchett,Finance,44229.44,282
Ignatius,McElvogue,IT,79246.71,283
Van,Cowins,IT,60640.01,284
Pattie,Knighton,Operations,81144.09,285
Gabriela,MacRanald,Finance,46965.72,286
Ali,Garm,Finance,66063.25,287
Tiebold,McQuin,Operations,50847.91,288
Nathalia,Hayhow,Marketing,85172.77,289
Deloris,Garrie,Operations,37075.31,290
Lu,Semple,Marketing,69932.48,291
Cammie,Klaes,Operations,47283.07,292
Reggie,Dibbin,Finance,43319.69,293
Darrelle,Rawlingson,Marketing,82002.5,294
Gillan,de Mendoza,HR,60950.11,295
Lena,Whitecross,Finance,64998.21,296
Fabian,Harbisher,HR,41289.0,297
Colly,Maidment,HR,91958.8,298
Alane,Caldero,HR,57855.06,299
Fleming,Kaes,IT,84903.65,300
Fanni,Drogan,Finance,69621.74,301
Mendel,Duberry,IT,37076.23,302
Matthieu,Digby,IT,72745.27,303
Deena,Slograve,HR,64154.24,304
Brien,Mapham,IT,43291.49,305
Jeanine,Jauncey,HR,71609.44,306
Rochelle,Kraut,IT,93462.18,307
Darby,Tarply,Marketing,62107.37,308
Seka,Gairdner,HR,54253.72,309
Cybil,Maypowder,Finance,78334.18,310
Arline,Guilaem,IT,92942.9,311
Krishnah,Uttermare,Operations,59745.14,312
Dieter,Neeve,Marketing,32141.24,313
Louie,Farenden,HR,38162.37,314
Les,Ollet,Operations,36482.89,315
Moyna,Sangwine,Marketing,40159.6,316
Trudie,Hetterich,Operations,31551.96,317
Felita,Gately,Operations,41030.79,318
Horatio,McCrorie,IT,69543.89,319
Aubry,Hairs,Operations,42373.1,320
Drusi,Dumingos,HR,89438.61,321
Dody,Tetford,Operations,73709.84,322
Adelina,Rivaland,HR,49876.13,323
Jeralee,Obell,Marketing,96699.22,324
Celia,Gindghill,Marketing,97573.54,325
Aubine,Flaherty,IT,40102.55,326
Lorianna,Estevez,HR,96809.05,327
Christophe,Igonet,Operations,81062.81,328
Dore,Cudiff,HR,77939.17,329
Uri,Paulucci,HR,57551.9,330
Violante,Cumberland,Finance,71026.1,331
Denny,Well,Marketing,81720.45,332
Lyman,Letessier,IT,38325.93,333
Donetta,Hambelton,IT,80793.46,334
Theresina,Melarkey,Finance,59221.4,335
Kellia,Cashen,Finance,63790.9,336
Eugenie,Middell,Finance,48513.73,337
Nadiya,Mattam,Finance,70361.77,338
Skipton,Brunker,HR,79445.38,339
Gilly,Brayson,Marketing,40181.55,340
Shay,Bridger,IT,99536.88,341
Rowan,Westley,Marketing,45252.95,342
Silvie,Hakonsson,Marketing,52189.81,343
Jehanna,Hainey,Finance,38564.22,344
Gertruda,Goodlife,Operations,87123.88,345
Adams,Brand-Hardy,Finance,36681.63,346
Brady,Daine,Marketing,57538.65,347
Steffen,Bruyet,IT,86236.18,348
Ira,Wrigley,HR,56418.52,349
Ashlan,Lazer,IT,55086.22,350
Cosette,Spare,HR,55523.76,351
Heddie,Tribell,IT,82153.47,352
Fraser,Lincke,IT,58828.13,353
Frank,Fincham,Operations,77915.08,354
Nettle,Woodburne,HR,67575.0,355
Blair,Hairyes,IT,70387.26,356
Cissy,Flay,Operations,32716.22,357
Ula,Franchioni,Finance,42862.76,358
Bealle,Burhill,IT,81118.37,359
Archibald,Langhorne,HR,73436.58,360
Aurilia,Tansley,Finance,52804.36,361
Fabiano,Ledwith,Marketing,44187.12,362
Romona,Bannister,Finance,36484.12,363
Taddeo,Olland,Marketing,75189.65,364
Timotheus,Hollyland,HR,41300.02,365
Kamillah,Ferrotti,Operations,53339.52,366
Sheila,April,IT,65085.38,367
Oralie,Arent,IT,51291.22,368
Inez,Jaouen,HR,68285.79,369
Felisha,Cuseick,IT,81138.22,370
Hillyer,Grzeszczyk,Finance,65168.89,371
Doralin,Crangle,IT,58544.71,372
Goraud,Knox,Finance,50914.99,373
Juieta,Usmar,Operations,89131.18,374
Aurelea,Pottiphar,Finance,87172.92,375
Cyril,Morrice,Finance,87590.71,376
Janot,Landrean,Operations,87794.84,377
Myrna,Borrell,IT,42294.89,378
Jessie,Pilkington,IT,89964.78,379
Marlowe,Southworth,Marketing,63421.3,380
Lizzie,Choupin,Marketing,37654.15,381
Keeley,Kitchen,IT,88465.61,382
Mollie,D'Ambrogio,Operations,98249.72,383
Hortense,Whitington,Finance,80155.69,384
Sofia,Dineen,Marketing,87582.34,385
Godiva,Kynge,Operations,77797.28,386
Mathian,Thurby,IT,87453.33,387
Kellina,Malam,HR,66209.96,388
Leonardo,Giraudeau,Operations,36180.83,389
Jodie,Peperell,HR,39884.79,390
Hyacinth,Santos,HR,65657.44,391
Wang,Sendall,Marketing,72815.25,392
Darnell,McCormack,Finance,40716.38,393
Teriann,Huddles,Marketing,53097.28,394
Lyssa,Durek,IT,64172.53,395
Tommie,Feild,Operations,89232.85,396
Josi,La Padula,Finance,59157.6,397
Lorinda,Franschini,Marketing,57380.57,398
Cash,Careswell,HR,75691.87,399
Langston,Drinkale,IT,31835.42,400
Alvinia,Di Batista,Finance,31867.65,401
Wilfred,Bartoleyn,Finance,36903.48,402
Selina,Penton,Marketing,53604.86,403
Hazel,Ranstead,Finance,64469.94,404
Gina,Davet,Marketing,65005.42,405
Basile,Preble,Finance,87490.79,406
Bette,Marsie,IT,76033.09,407
Gerik,Marklund,IT,73181.92,408
Persis,Henryson,Finance,54807.54,409
Dinny,Sweett,HR,60029.03,410
Uta,Camber,Finance,85555.4,411
Cyndia,Scotchmore,Finance,30016.38,412
Susie,Amar,IT,50807.83,413
Romain,Phipps,Finance,82798.82,414
Alikee,Curedell,HR,43016.89,415
Jocelyne,Waterstone,HR,40657.9,416
Melamie,Paffett,Finance,35786.1,417
Izzy,Valdes,Marketing,70702.96,418
Torrey,Cattermole,IT,39415.44,419
Malvina,Cockings,HR,66264.83,420
Oralle,Attenbrough,Marketing,49384.14,421
Arabela,Andrysek,Operations,76080.54,422
Lucias,Berndtssen,Operations,47146.33,423
Levin,Measor,IT,62542.38,424
Roseanna,Ferrillio,Finance,84732.8,425
Dulciana,Cavet,Finance,45991.16,426
Lyndsie,Rockingham,Finance,84675.1,427
Katerina,Silvermann,HR,94627.48,428
Daisey,Scottesmoor,IT,90834.62,429
Robb,Studart,Marketing,33795.71,430
Bobby,Peacey,Operations,90543.73,431
Winni,Loveridge,Finance,94510.83,432
Carce,Lauret,Marketing,77954.57,433
Dedie,Basezzi,Marketing,40248.19,434
Araldo,Bonnefin,Operations,50900.74,435
Bertine,Pethick,Finance,87507.82,436
Rod,Bliven,HR,30395.59,437
Ignaz,McMenamie,Marketing,57563.57,438
Nana,Reynard,Finance,45127.28,439
Marcello,Sawl,Marketing,58133.23,440
Sammie,Helsby,IT,86777.17,441
Luis,Aicheson,Marketing,45321.85,442
Mame,O'Flynn,Finance,31344.45,443
Eveline,Butterfill,Finance,81813.45,444
Cassius,Enston,IT,97421.0,445
Webb,Thundercliffe,IT,60342.42,446
Alaine,McCreagh,Finance,54347.57,447
Milzie,Connerry,Operations,80982.14,448
Kathye,Belverstone,IT,86473.33,449
Ree,Scampion,Finance,87848.81,450
Carie,Doumerc,IT,44729.78,451
Fleurette,Lodo,Finance,60310.11,452
Orly,Mathelin,Marketing,52965.29,453
Gabriellia,Kitchingman,IT,75469.35,454
Redford,Chmiel,Finance,85389.55,455
Ado,Simoens,Marketing,78605.36,456
Crystal,Pashler,IT,52577.71,457
Sonya,Springthorp,HR,83905.55,458
Karly,Bastow,Marketing,34144.79,459
Doralin,Le Blond,Marketing,80772.74,460
Genvieve,Jandourek,Finance,50628.2,461
Gregory,Barg,Operations,58693.35,462
Demetris,Derdes,IT,31648.34,463
Danila,Wreath,HR,40379.49,464
Guillermo,Favell,IT,69659.89,465
Elita,Frondt,Operations,83860.5,466
Romeo,Markl,HR,60751.93,467
Bernard,Keunemann,Finance,63331.7,468
Wakefield,Adamiec,Operations,57513.7,469
Cookie,Husthwaite,Finance,44745.88,470
Vonni,Bjorkan,Finance,93235.65,471
Ban,Blyde,Finance,33702.63,472
Ranee,Bellay,Marketing,67611.38,473
Tiffie,Shelly,Operations,78966.2,474
Alberta,Greveson,IT,42986.73,475
Gwenni,Perrottet,Finance,99543.82,476
Sharona,Antos,Finance,66057.47,477
Elissa,Massie,IT,61885.24,478
Kinna,Brewett,Marketing,66698.29,479
Bette-ann,Tregea,IT,91564.5,480
Wait,Fillon,Marketing,83536.1,481
Hamid,Hundley,Operations,91164.6,482
Artair,Verrick,Finance,52636.56,483
Eduard,Jorio,IT,53948.12,484
Brana,Le Merchant,IT,76178.48,485
Hew,Spier,Marketing,66332.15,486
Grannie,Coats,Marketing,81650.5,487
Reade,Youde,Marketing,32474.85,488
Orella,Yancey,Finance,52996.76,489
Karyl,McQuarter,IT,86594.18,490
Cyndie,Olenov,Operations,33515.59,491
Ciel,Scrane,Finance,98735.26,492
Alvie,Stallion,HR,65633.08,493
Joelly,Sapsford,Finance,34515.0,494
Aylmer,Bergstram,Marketing,89217.2,495
Antonina,Klesse,HR,90971.87,496
Issi,Melin,Marketing,77743.77,497
Tessa,Fairtlough,Marketing,66203.82,498
Aldrich,O'Downe,Operations,71625.52,499
Xerxes,Murkitt,IT,66628.85,500
Nigel,Minear,Finance,40484.91,501
Hoebart,Considine,IT,69857.17,502
Westbrooke,Cockarill,Operations,46543.09,503
Avrom,Anslow,HR,37737.09,504
Tailor,Ruffler,IT,82524.83,505
Olivia,Cully,Operations,40945.58,506
Odette,Furbank,HR,38577.49,507
Seamus,Piercey,HR,53785.87,508
Brittni,Drexel,HR,95923.89,509
Jessi,Brunker,Marketing,55008.73,510
Samara,Bratchell,Finance,67785.97,511
Louis,Dowsing,Operations,38191.27,512
Mohammed,Scay,Operations,66986.17,513
Calla,Scrowson,Marketing,51954.48,514
Zebadiah,Everist,HR,47030.5,515
Gerry,Wretham,Marketing,39455.82,516
Janaye,Kiley,Marketing,93128.24,517
Woody,McGillivray,Finance,36699.66,518
Felix,Engeham,IT,96664.38,519
Liv,Lysaght,IT,45150.8,520
Terry,Tait,HR,59188.64,521
Augustina,Malimoe,Marketing,45761.36,522
Rafa,Harrinson,Operations,45781.38,523
Patrizius,Glancey,IT,59444.08,524
Virgil,Mouatt,HR,97610.51,525
Kellby,Calwell,HR,72046.49,526
Syman,Antunez,IT,77613.53,527
Zondra,Beadnell,Marketing,75229.35,528
Lily,Zanini,Operations,87674.41,529
Sheri,Meynell,Operations,99824.51,530
Gawain,Tesdale,Finance,89184.24,531
Linnell,Bute,Marketing,32416.53,532
Devin,Gerald,HR,66241.8,533
Lester,Nolte,HR,82008.8,534
Bonny,Wathell,IT,83914.23,535
Sammy,Danilovich,Finance,66043.75,536
Anette,Piele,Operations,36193.37,537
Farrand,Taks,IT,50339.31,538
Isabeau,Haldon,Operations,31076.57,539
Seana,Splevings,Finance,40516.12,540
Francois,Beagan,HR,35985.11,541
Aurelia,Edensor,Operations,39411.96,542
Brunhilda,O' Connell,Finance,96605.52,543
Linette,Dumper,HR,84138.57,544
Bo,Leftly,Operations,48689.72,545
Dillie,McDoual,HR,98501.61,546
Wallie,Matkin,HR,64055.17,547
Nikola,Constant,Finance,60763.91,548
Jereme,Battaille,Finance,62038.65,549
Phylys,Andreutti,Operations,75428.71,550
Claresta,Dilloway,Operations,75774.19,551
Kelcy,Axtens,Operations,36914.02,552
Panchito,Benedito,Finance,93568.05,553
Ernestine,de Villier,HR,50584.16,554
Forbes,Muzzillo,Operations,31852.8,555
Pauly,Patterson,Marketing,39692.17,556
Judie,Osborn,HR,92826.04,557
Tallie,Ettles,Operations,37354.89,558
Sapphire,Delatour,IT,30039.3,559
Allissa,Cant,Operations,70900.49,560
Hilarius,Nethercott,Marketing,78387.79,561
Leone,Kisting,HR,76072.47,562
Ely,Basey,Marketing,50597.08,563
Ruy,Such,Operations,76379.62,564
Kimble,Caller,IT,78553.43,565
Florian,Szymonowicz,IT,65123.53,566
Giovanni,Keymar,HR,50819.43,567
Elsy,Jessep,HR,40071.69,568
Paulie,Oddie,Operations,85018.9,569
Ericha,Nutter,Finance,54854.83,570
Keelby,Berrane,Finance,51906.53,571
Murray,Chaff,HR,79217.47,572
Irena,Allred,Marketing,91955.75,573
Sheilakathryn,Sillwood,IT,54606.12,574
Loren,Straneo,Operations,94690.58,575
Raddie,Chippindall,Marketing,30735.06,576
Kelsey,Ravenshear,Finance,65007.77,577
Garvey,Garnson,Marketing,84949.81,578
Dianemarie,Fingleton,Marketing,82107.3,579
Ursula,Edmons,Marketing,93756.14,580
Antonetta,MacCrackan,IT,42796.37,581
Guntar,Sear,Marketing,64602.75,582
Maris,Colquhoun,IT,40229.12,583
Aleta,Bandt,Operations,83213.78,584
Elysha,Egarr,IT,65791.64,585
Willa,Eskrigge,HR,64090.27,586
Felita,Dudin,Finance,64199.3,587
Judith,Mioni,HR,32538.59,588
Aeriel,Neem,Finance,31454.61,589
Dorotea,Takle,HR,57572.54,590
Winifred,Caddies,Operations,95623.14,591
Octavius,Metson,IT,57057.32,592
Shandie,Athow,IT,63293.0,593
Fidel,Malim,IT,52459.32,594
Caryl,Cragoe,Operations,61023.49,595
Maisie,Gresty,Finance,63326.09,596
Mordy,Slaymaker,Finance,47101.63,597
Anabel,Guarnier,Finance,69028.2,598
Antonetta,Fromant,Finance,32815.55,599
Evanne,Grzegorczyk,Finance,39688.22,600
Nathaniel,Drewery,IT,77108.06,601
Gene,Brenstuhl,HR,67211.33,602
Gabriella,Leheude,Finance,43338.08,603
Hart,Klasen,Operations,41334.24,604
Dur,Coulton,HR,36071.25,605
Elmore,Ownsworth,IT,92806.12,606
Denni,Povall,HR,85825.41,607
Rowen,Yuranovev,IT,33586.98,608
Krishnah,Karolyi,Marketing,73254.62,609
Mordy,Critchley,Finance,52635.02,610
Lenna,Duckering,Operations,37495.97,611
Terri,Vigneron,Marketing,34431.64,612
Linn,Lemme,Marketing,55430.54,613
Wenda,Carloni,HR,84128.5,614
Dalt,Rubinovici,IT,34110.04,615
Dino,Pascall,Marketing,69180.63,616
Sherwynd,Wixey,HR,83498.55,617
Karleen,Bastiman,Operations,99449.7,618
Dalila,Bearsmore,Finance,76848.4,619
Boote,Benedicto,Marketing,99960.49,620
Dallas,Rameau,Marketing,49767.76,621
Beilul,Leele,Marketing,71678.64,622
Ilse,Poulglais,HR,80234.21,623
Benton,Rospars,IT,33984.09,624
Davita,Blincow,Marketing,49738.2,625
Marillin,Rainsdon,IT,50192.52,626
Marijo,Antczak,Marketing,74508.23,627
Mohammed,Yakebovitch,HR,50881.44,628
Windy,Stubbeley,Finance,59683.8,629
Reube,Vellden,Marketing,41988.31,630
Lorilee,Nevins,Operations,33157.77,631
Bancroft,Ferrant,HR,66498.48,632
Salvatore,Monan,Operations,84501.31,633
Thane,Cleve,IT,52176.22,634
Tadeas,Peyes,Operations,86535.16,635
Kendall,Garey,HR,49744.0,636
Hurleigh,Rutgers,Marketing,92641.32,637
Ilsa,Le Fevre,Operations,50595.27,638
Augustine,Ducker,Finance,90981.43,639
Franny,Honniebal,Operations,71572.23,640
Alard,Whitemarsh,HR,99129.31,641
Maurice,Teffrey,Operations,34632.87,642
Stearn,Tilford,IT,58831.11,643
Simone,Goodrick,Operations,57239.5,644
Emmie,Khrishtafovich,IT,93332.4,645
Farley,Eastmead,HR,53764.42,646
Rudie,Karp,IT,31470.36,647
Micki,Bartlett,Operations,54123.06,648
Stavros,Hinchcliffe,HR,69398.99,649
Renate,Jeandot,Marketing,85147.16,650
Chrisy,Canedo,IT,80547.24,651
Reginauld,Swarbrigg,Operations,98732.26,652
Dougy,O'Gormally,HR,89906.85,653
Nettle,Dionsetti,Finance,40819.77,654
Annelise,Kowal,Operations,85027.43,655
Bayard,Schonfeld,Marketing,30539.52,656
Angie,Fawlks,HR,42754.72,657
Jamaal,Brownbridge,HR,62927.98,658
Alon,Vowell,IT,69278.0,659
Erminia,Cowing,HR,76752.0,660
Jermain,Dullard,Operations,57413.78,661
Chloris,Meaking,IT,37211.74,662
Ralf,Gronaver,Finance,92088.27,663
Mace,Chaffe,Operations,49037.22,664
Gal,Frowde,Marketing,40658.78,665
Connor,Pareman,Finance,87049.96,666
Lazarus,Kersting,Finance,73053.11,667
Brynna,Mewes,Finance,95438.63,668
Janean,Adin,Operations,33781.05,669
Keenan,Benford,Operations,32638.54,670
Oran,Comusso,Finance,40701.23,671
Cristie,Evangelinos,Marketing,76262.05,672
Douglas,Dotson,Marketing,69894.85,673
Reuven,Best,Operations,54807.7,674
Jehu,Desorts,IT,74303.17,675
Daisey,Sloyan,Marketing,97832.98,676
Ansell,Verna,Finance,67399.94,677
Renato,Wohler,Marketing,46203.07,678
Ursa,Howton,HR,39891.3,679
Merrili,Ridgley,Marketing,98048.83,680
Johnnie,Liptrod,HR,99688.01,681
Sigrid,Barefoot,Operations,83836.15,682
Roderich,Tight,Operations,78670.57,683
Tova,Burlingame,HR,78419.83,684
Cristina,Cardoso,HR,42995.64,685
Gabbie,Ettels,Marketing,55455.54,686
Winifield,Guerrazzi,IT,99676.73,687
Margalit,MacGibbon,IT,30189.18,688
Molli,Nutbeam,Operations,68643.7,689
Wendy,Whiteoak,Operations,76414.77,690
Ariela,Wilder,IT,38290.87,691
Lorraine,Dils,Operations,40652.47,692
Mordecai,Dearnly,HR,37964.85,693
Seka,Truelock,IT,83407.34,694
Hilda,Goble,Operations,67974.22,695
Raven,Loveitt,Marketing,50710.72,696
Feodora,Leith-Harvey,Finance,43967.83,697
Glenda,Roust,IT,45169.91,698
Drew,Mazella,IT,40424.29,699
Eleonora,Priddis,HR,63425.88,700
Nertie,Dymoke,Marketing,92491.19,701
Rosa,Franzel,IT,48775.99,702
Alexis,Guite,Operations,31645.31,703
Ilise,Mackin,IT,53144.19,704
Liz,Kalf,Marketing,39865.22,705
Joletta,Brik,HR,69397.8,706
Emmalynne,Jedrysik,IT,84787.22,707
Phil,Rousby,Operations,88843.14,708
Robbi,Taffarello,Operations,68074.3,709
Eward,Heatherington,Marketing,42535.56,710
Wendi,Andriulis,Marketing,46870.99,711
Ciro,Trime,Marketing,33425.81,712
Prent,Jadczak,Marketing,90813.4,713
Elysia,Rapelli,Marketing,79909.09,714
Adelheid,Blanche,Finance,35200.4,715
Sheri,Shaw,HR,38728.29,716
Alika,Dunnan,Operations,57291.6,717
Burlie,Roocroft,Operations,78111.41,718
Judon,Stanion,Operations,79728.53,719
Lissy,Molesworth,Operations,46314.62,720
Tommy,Morstatt,IT,82572.38,721
Tiebout,Stenson,HR,30164.85,722
Delphine,Hove,Operations,73028.17,723
Archibold,McClay,HR,76598.73,724
Lenci,Taborre,HR,57532.07,725
Hew,Grain,IT,48836.66,726
Hyacinthie,Blare,Finance,86975.0,727
Kristos,Antoniazzi,IT,96408.9,728
Markus,Treble,Finance,77414.07,729
Colin,Biskupiak,IT,68689.02,730
Bea,Bointon,IT,49120.92,731
Betty,Lecointe,Operations,80887.9,732
Nedi,Meach,HR,38522.3,733
Isabella,Garford,IT,58116.76,734
Ignacio,Steere,IT,81886.82,735
Nissie,Digger,Operations,50555.04,736
Gena,Bozier,Marketing,64863.28,737
Sterling,Monier,HR,49882.27,738
Wilie,Seeger,Operations,63982.36,739
Ravi,Ivison,Marketing,85412.07,740
Falito,Suart,Finance,74518.05,741
Tuck,Haddy,Finance,85707.4,742
Steffi,Lyokhin,Finance,42370.04,743
Lynn,Gobert,Operations,72864.13,744
Heidi,Pay,Operations,55564.46,745
Celesta,Lowen,IT,86981.54,746
Leonidas,Bestman,Finance,76568.02,747
Gardener,Longland,HR,56102.45,748
Gail,Reddel,HR,43194.62,749
Emile,Boylan,Operations,39878.06,750
Gertrudis,Dallywater,Operations,74263.82,751
Meredith,Rivalant,Finance,88067.42,752
Vinnie,Deport,Marketing,68761.46,753
Thekla,Haggath,IT,72900.08,754
Tynan,Brannigan,IT,40952.85,755
Gothart,Quiddington,Finance,77555.55,756
Oswald,Elsey,Marketing,68785.12,757
Ingrid,Milthorpe,Finance,76062.53,758
Doug,Quinnelly,Finance,94173.97,759
Brion,Davison,Operations,68582.9,760
Kynthia,Ridgeway,Operations,63468.25,761
Nicol,Creaser,HR,35471.98,762
Betty,Vasentsov,Operations,76897.79,763
Reynard,Hernik,Operations,88946.57,764
Donnie,Tolumello,IT,43838.22,765
Claudina,Liffe,Operations,84615.85,766
Fania,Veevers,Marketing,79770.09,767
Chancey,Capaldo,Operations,83437.17,768
Maurice,Carratt,Marketing,59504.79,769
Vivie,MacCafferky,IT,82556.85,770
Brittany,Laye,Finance,74287.69,771
Erskine,Brinklow,Operations,36202.94,772
Mic,Creeboe,Marketing,93806.87,773
Fernando,Latchford,Marketing,48610.2,774
Gretna,Nurcombe,HR,63970.88,775
Danie,Vassay,Finance,57477.26,776
Sioux,Brockton,Operations,91657.72,777
Robina,Bradick,Marketing,83754.49,778
Francisca,Moulin,Operations,59907.78,779
Byram,Bishell,Finance,40745.39,780
Hakeem,Pedron,Finance,47756.52,781
Hilary,Coombe,Finance,54340.95,782
Cosmo,Lasseter,IT,84638.89,783
Loren,McKennan,Marketing,63190.73,784
Avivah,Glanert,Operations,35692.98,785
Stephen,Vagg,HR,55620.17,786
Katee,Paulillo,Finance,67859.43,787
Artus,Fennessy,Marketing,92803.04,788
Dell,Kantor,Finance,31283.62,789
Haze,Freke,Operations,80124.44,790
Chico,O'Luney,HR,49566.2,791
Cori,McMinn,Marketing,38414.07,792
Gloriana,Readshall,IT,87818.03,793
Raquela,Benedict,Marketing,36817.42,794
Lillian,Crampsy,IT,77201.26,795
Nil,Franzonello,IT,63454.0,796
Allina,Hallows,Finance,50035.65,797
Dicky,Tremethack,Marketing,34689.68,798
Moss,Cristofolini,IT,42087.99,799
Sapphira,Mead,Operations,46262.0,800
Dory,Paladini,HR,50906.03,801
Leonanie,Mulheron,HR,39540.69,802
Claudine,Cesaric,Marketing,65274.38,803
Dynah,Tingley,Finance,57844.5,804
Beverlie,Fiveash,IT,71092.96,805
Alikee,Norwell,IT,85707.81,806
Marsh,Roddick,Finance,43180.69,807
Rahal,Plewright,Marketing,91548.14,808
Ingemar,Lardez,Marketing,52623.53,809
Rasla,Tinker,IT,60771.8,810
Zabrina,Winchcombe,HR,67577.16,811
Margalit,Dransfield,IT,87334.07,812
Bertram,O'Sheeryne,HR,35742.17,813
Marietta,Sturgess,HR,56884.13,814
Benni,Seydlitz,IT,94217.66,815
Demott,Valett,IT,56554.12,816
Augy,Emblen,Marketing,94500.3,817
Haydon,Dik,HR,34363.64,818
Brandon,Delong,Finance,64203.03,819
Ericka,Bushell,Finance,78724.76,820
Sanson,Dinsell,Marketing,53666.28,821
Flora,Edes,Operations,91187.96,822
Wynnie,Carman,Operations,73683.31,823
Elspeth,Berwick,Marketing,84189.37,824
Haleigh,Crufts,IT,86138.66,825
Jess,Groucock,Finance,42622.17,826
Berrie,Tinmouth,Finance,64537.47,827
Jesse,Hackney,Finance,72326.39,828
Jess,Mizzi,Marketing,44947.08,829
Carilyn,Cooney,Operations,94619.63,830
Danice,Hagard,HR,77908.34,831
Frans,Hunn,Finance,67447.19,832
Connie,Evill,Operations,70202.77,833
Berty,Buntin,IT,84544.48,834
Delphinia,Cullip,Marketing,30354.98,835
Ellen,Garbett,HR,57813.56,836
Natalina,Blainey,IT,98235.6,837
Anatollo,Baterip,IT,66726.17,838
Lawrence,Domleo,Operations,93628.4,839
Gabie,O'Kerin,IT,92280.86,840
Georas,Wroughton,IT,81103.84,841
Roxy,Margerison,Operations,70099.49,842
Hal,Yerbury,Operations,46190.34,843
Laurene,Brennen,HR,82585.77,844
Madlin,Poore,Operations,35673.45,845
Hyacinthe,Rennels,Marketing,30935.72,846
Fifi,Comford,IT,63486.72,847
Luther,Peaple,Operations,82143.57,848
Charles,Jennions,HR,63952.0,849
Itch,Tabrett,Operations,83189.68,850
Jaclyn,Lartice,IT,92716.46,851
Ellette,Shepeard,HR,58030.48,852
Samara,Barrowcliff,Finance,63672.95,853
Sharon,Bastide,Operations,56809.11,854
Kingsly,Lokier,Finance,79883.9,855
Harlin,Chave,IT,73750.85,856
Towney,Shilleto,IT,96850.08,857
Quentin,Aldine,Marketing,77530.02,858
Christy,Gales,Finance,50692.55,859
Alick,Espinoy,Marketing,62451.16,860
Marillin,Connick,Finance,80869.86,861
Blithe,Coppock.,Operations,48994.83,862
Natale,Ross,Marketing,63586.65,863
Lily,Munton,HR,76745.59,864
Dulcine,Culkin,Finance,79642.03,865
Amalia,Eglese,Finance,30925.83,866
Winnah,Tinton,Marketing,62023.37,867
Sherye,Morena,Operations,69850.64,868
Marwin,Yurikov,Operations,52713.3,869
Leonora,Stebbin,IT,79028.45,870
Constance,Waugh,IT,45636.14,871
Brade,Thomerson,Operations,57219.66,872
Carissa,Mottershaw,Marketing,36926.87,873
Rasia,Woodthorpe,HR,40462.04,874
Orlando,Tawton,Operations,82964.05,875
Velvet,Burnett,IT,77258.31,876
Beryle,Faircley,Finance,65478.61,877
Elmo,Kingsly,Operations,36965.87,878
Zondra,Lidierth,Finance,84267.08,879
Celisse,Andrzejowski,Marketing,80327.13,880
Horatius,Annear,Finance,87714.8,881
Welsh,Boaler,Finance,81358.49,882
Maible,Jerrolt,IT,97257.75,883
Chelsie,Purvis,Finance,46653.34,884
Rachael,Antczak,HR,80104.97,885
Leesa,Vaud,Finance,64066.43,886
Joeann,Antonioni,IT,30300.46,887
Rafi,Ruckman,Operations,64613.88,888
Leontine,Crosetti,IT,60482.53,889
Melva,Wratten,HR,96509.29,890
Mary,Vizor,Marketing,99154.72,891
Pearline,Safont,IT,98167.52,892
Averell,Sanbrook,Operations,79541.02,893
Paolina,Paton,Finance,61747.17,894
Marci,Olivella,Operations,80828.2,895
Bellina,Renfree,Marketing,90033.04,896
Ferrel,Lindhe,Marketing,52000.87,897
Orlando,Faill,HR,73959.42,898
Ranna,Huguenet,Finance,53677.95,899
Jonathan,Antonietti,Marketing,69828.77,900
Valry,Fruin,Marketing,46036.28,901
Hale,Lardier,HR,30344.04,902
Trisha,Pithcock,IT,72100.52,903
Desi,Warde,IT,55546.99,904
Woodie,Sloper,Finance,48577.95,905
Laverne,Coomes,Finance,71083.31,906
Anya,Sprigings,Marketing,56954.36,907
Tate,Weall,Operations,92628.12,908
Franciskus,Marrow,Finance,59373.78,909
Mischa,Sambidge,HR,47632.68,910
Sanderson,Jansa,Finance,58058.75,911
Doris,Rojas,IT,71424.62,912
Mack,Obray,Operations,71050.55,913
Britni,Sainsbury,Operations,89510.3,914
Towny,Wigan,Marketing,86640.06,915
Sybila,Jacqueminot,Operations,46087.84,916
Kerwinn,Lapham,Operations,73072.5,917
Enrichetta,Garred,IT,66273.74,918
Lorne,Kenshole,Marketing,81437.13,919
Delilah,Kindread,Finance,51829.15,920
Rolph,Terrill,HR,86874.08,921
Haily,Daunay,Operations,44210.4,922
Hiram,Tanti,IT,30103.98,923
Borden,Ellaway,Operations,80248.06,924
Kylie,Arguile,Marketing,92063.14,925
Agustin,Habbergham,Marketing,99736.75,926
Den,Elster,Operations,41896.63,927
Jeanelle,Hazle,Operations,59312.83,928
Keary,Arrighi,Finance,33843.54,929
Shandy,McKune,Marketing,68402.86,930
Jaquith,Elcocks,Finance,32467.21,931
Nanice,Hatchett,Finance,71315.56,932
Ardenia,Lowles,Finance,44703.02,933
Delly,Hellcat,Operations,35142.08,934
Ardene,Handrock,IT,64858.99,935
Haleigh,Roughey,Finance,75705.22,936
Timmi,Chicchetto,HR,94693.54,937
Pacorro,Dowdle,Finance,91912.13,938
Christabella,Sowley,IT,39279.95,939
Gates,Kordova,Operations,66901.45,940
Pamela,Extence,Marketing,66595.93,941
Myca,Dallemore,Operations,60115.16,942
Tuesday,Ginnelly,HR,49021.18,943
Tildi,Keyes,Finance,81789.19,944
Simon,Fletcher,Operations,71435.16,945
Daffy,Strain,HR,64168.97,946
Richard,Millwall,Finance,91284.09,947
Carolan,Headech,Finance,80192.6,948
Jess,Chellenham,HR,85584.09,949
Claude,Sainthill,Marketing,98814.35,950
Jarred,Kienzle,IT,85038.88,951
Alberto,Soreau,Operations,71060.85,952
Lorna,Cattach,Marketing,72255.16,953
Aldwin,Killigrew,Marketing,94145.58,954
Skyler,Btham,IT,37300.7,955
Ralina,Romagosa,Finance,33532.66,956
Alex,Machon,HR,92156.2,957
Fiorenze,Hazlegrove,Finance,67167.0,958
Hale,Scanlan,Marketing,33327.84,959
Parrnell,Ryam,HR,56331.8,960
Kathy,Sheppard,Operations,60318.81,961
Emmalyn,Sollam,IT,34254.8,962
Tersina,Britton,IT,78559.08,963
Lewes,Milleton,Marketing,69383.76,964
Erastus,Dellenbroker,HR,67709.46,965
Karissa,Readings,HR,98458.98,966
Kerrie,Delgado,Marketing,81016.07,967
Donny,Stoakes,Finance,74913.36,968
Blair,Richold,HR,72414.22,969
Saudra,Whistlecroft,Operations,46521.47,970
Felipa,Mulles,Marketing,60010.83,971
Paton,Woodfield,IT,85298.26,972
Marylee,Pauletto,Operations,62062.58,973
Ogden,Laffan,Marketing,47469.86,974
Zelda,Tamburo,Finance,98576.4,975
Kellie,Nares,Finance,72101.37,976
Pincus,Pawels,IT,61370.65,977
Richardo,Pien,IT,61842.17,978
Sauveur,Anwyl,IT,74144.49,979
Bobbee,Ferrini,Operations,66750.61,980
Anette,Pluthero,Marketing,92221.27,981
Simeon,Strippel,Finance,76248.72,982
Dita,Kellert,Finance,72696.87,983
Bunni,Chedzoy,Finance,62429.73,984
Alis,Over,IT,72826.39,985
Amalita,Dimitrie,IT,36495.06,986
Jackquelin,Paris,Operations,72670.16,987
Wilmer,Aisman,Operations,57473.46,988
Ximenez,Wray,IT,79382.66,989
Henrietta,Little,Operations,50204.39,990
Prescott,Simecek,Operations,72256.15,991
Shani,Rodolf,HR,78984.9,992
Lamar,Barkshire,Marketing,99942.1,993
Mal,Hallwood,IT,64627.59,994
Fabe,Edwicke,HR,30050.24,995
Austin,Samarth,IT,52406.19,996
Raimund,Klebes,Finance,62930.4,997
Crawford,Crew,HR,89697.18,998
Magdaia,McQuorkell,IT,77891.92,999
Nowell,Martinet,Operations,83456.75,1000
